Match Number,Round Number,Date,Location,Home Team,Away Team,Result
1,1,11/08/2023 17:30,Power Horse Stadium,UD Almería,Rayo Vallecano,0 - 2
5,1,11/08/2023 20:00,Ramón Sánchez-Pizjuán,Sevilla FC,Valencia CF,1 - 2
9,1,12/08/2023 15:00,Reale Arena,Real Sociedad,Girona FC,1 - 1
6,1,12/08/2023 17:30,Estadio Gran Canaria,UD Las Palmas,RCD Mallorca,1 - 1
2,1,12/08/2023 19:30,Estadio San Mamés,Athletic Club,Real Madrid,0 - 2
4,1,13/08/2023 15:00,Estadio ABANCA Balaídos,RC Celta,CA Osasuna,0 - 2
8,1,13/08/2023 17:30,Estadio de la Cerámica,Villarreal CF,Real Betis,1 - 2
7,1,13/08/2023 19:30,Coliseum,Getafe CF,FC Barcelona,0 - 0
10,1,14/08/2023 17:30,Estadio Nuevo Mirandilla,Cádiz CF,Deportivo Alavés,1 - 0
3,1,14/08/2023 19:30,Civitas Metropolitano,Atlético de Madrid,Granada CF,3 - 1
13,2,18/08/2023 17:30,Estadi Mallorca Son Moix,RCD Mallorca,Villarreal CF,0 - 1
20,2,18/08/2023 19:30,Camp de Mestalla,Valencia CF,UD Las Palmas,1 - 0
18,2,19/08/2023 15:00,Reale Arena,Real Sociedad,RC Celta,1 - 1
11,2,19/08/2023 17:30,Power Horse Stadium,UD Almería,Real Madrid,1 - 3
16,2,19/08/2023 19:30,Estadio El Sadar,CA Osasuna,Athletic Club,0 - 2
19,2,20/08/2023 17:00,Estadio Municipal de Montilivi,Girona FC,Getafe CF,3 - 0
12,2,20/08/2023 17:30,Estadi Olímpic Lluís Companys,FC Barcelona,Cádiz CF,2 - 0
17,2,20/08/2023 19:30,Estadio Benito Villamarín,Real Betis,Atlético de Madrid,0 - 0
15,2,21/08/2023 17:00,Mendizorroza,Deportivo Alavés,Sevilla FC,4 - 3
14,2,21/08/2023 19:30,Nuevo Los Cármenes,Granada CF,Rayo Vallecano,0 - 2
24,3,25/08/2023 17:30,Estadio Gran Canaria,UD Las Palmas,Real Sociedad,0 - 0
22,3,25/08/2023 19:30,Estadio ABANCA Balaídos,RC Celta,Real Madrid,0 - 1
23,3,26/08/2023 17:30,Nuevo Los Cármenes,Granada CF,RCD Mallorca,3 - 2
25,3,26/08/2023 17:30,Estadio Nuevo Mirandilla,Cádiz CF,UD Almería,1 - 1
28,3,26/08/2023 19:30,Ramón Sánchez-Pizjuán,Sevilla FC,Girona FC,1 - 2
27,3,27/08/2023 15:30,Estadio de la Cerámica,Villarreal CF,FC Barcelona,3 - 4
29,3,27/08/2023 17:30,Camp de Mestalla,Valencia CF,CA Osasuna,1 - 2
21,3,27/08/2023 19:30,Estadio San Mamés,Athletic Club,Real Betis,4 - 2
30,3,28/08/2023 17:30,Coliseum,Getafe CF,Deportivo Alavés,1 - 0
26,3,28/08/2023 19:30,Estadio de Vallecas,Rayo Vallecano,Atlético de Madrid,0 - 7
34,4,01/09/2023 17:30,Estadio Nuevo Mirandilla,Cádiz CF,Villarreal CF,3 - 1
31,4,01/09/2023 20:00,Power Horse Stadium,UD Almería,RC Celta,2 - 3
40,4,02/09/2023 12:00,Reale Arena,Real Sociedad,Granada CF,5 - 3
39,4,02/09/2023 14:15,Estadio Santiago Bernabéu,Real Madrid,Getafe CF,2 - 1
36,4,02/09/2023 16:30,Mendizorroza,Deportivo Alavés,Valencia CF,1 - 0
33,4,02/09/2023 19:00,Estadio Benito Villamarín,Real Betis,Rayo Vallecano,1 - 0
35,4,03/09/2023 12:00,Estadio Municipal de Montilivi,Girona FC,UD Las Palmas,1 - 0
37,4,03/09/2023 14:15,Estadi Mallorca Son Moix,RCD Mallorca,Athletic Club,0 - 0
38,4,03/09/2023 19:00,Estadio El Sadar,CA Osasuna,FC Barcelona,1 - 2
32,4,23/12/2023 15:15,Civitas Metropolitano,Atlético de Madrid,Sevilla FC,1 - 0
50,5,15/09/2023 19:00,Estadio de Vallecas,Rayo Vallecano,Deportivo Alavés,2 - 0
41,5,16/09/2023 12:00,Estadio San Mamés,Athletic Club,Cádiz CF,3 - 0
47,5,16/09/2023 14:15,Camp de Mestalla,Valencia CF,Atlético de Madrid,3 - 0
43,5,16/09/2023 16:30,Estadio ABANCA Balaídos,RC Celta,RCD Mallorca,0 - 1
42,5,16/09/2023 19:00,Estadi Olímpic Lluís Companys,FC Barcelona,Real Betis,5 - 0
44,5,17/09/2023 12:00,Coliseum,Getafe CF,CA Osasuna,3 - 2
46,5,17/09/2023 14:15,Estadio de la Cerámica,Villarreal CF,UD Almería,2 - 1
49,5,17/09/2023 16:30,Ramón Sánchez-Pizjuán,Sevilla FC,UD Las Palmas,1 - 0
45,5,17/09/2023 19:00,Estadio Santiago Bernabéu,Real Madrid,Real Sociedad,2 - 1
48,5,18/09/2023 19:00,Nuevo Los Cármenes,Granada CF,Girona FC,2 - 4
58,6,22/09/2023 19:00,Mendizorroza,Deportivo Alavés,Athletic Club,0 - 2
55,6,23/09/2023 12:00,Estadio Municipal de Montilivi,Girona FC,RCD Mallorca,5 - 3
56,6,23/09/2023 14:15,Estadio El Sadar,CA Osasuna,Sevilla FC,0 - 0
53,6,23/09/2023 16:30,Estadi Olímpic Lluís Companys,FC Barcelona,RC Celta,3 - 2
51,6,23/09/2023 19:00,Power Horse Stadium,UD Almería,Valencia CF,2 - 2
59,6,24/09/2023 12:00,Reale Arena,Real Sociedad,Getafe CF,4 - 3
57,6,24/09/2023 14:15,Estadio de Vallecas,Rayo Vallecano,Villarreal CF,1 - 1
54,6,24/09/2023 16:30,Estadio Benito Villamarín,Real Betis,Cádiz CF,1 - 1
60,6,24/09/2023 16:30,Estadio Gran Canaria,UD Las Palmas,Granada CF,1 - 0
52,6,24/09/2023 19:00,Civitas Metropolitano,Atlético de Madrid,Real Madrid,3 - 1
63,7,26/09/2023 17:00,Ramón Sánchez-Pizjuán,Sevilla FC,UD Almería,5 - 1
65,7,26/09/2023 19:30,Estadi Mallorca Son Moix,RCD Mallorca,FC Barcelona,2 - 2
61,7,27/09/2023 17:00,Estadio San Mamés,Athletic Club,Getafe CF,2 - 2
67,7,27/09/2023 17:00,Estadio de la Cerámica,Villarreal CF,Girona FC,1 - 2
69,7,27/09/2023 17:00,Estadio Santiago Bernabéu,Real Madrid,UD Las Palmas,2 - 0
62,7,27/09/2023 19:30,Estadio Nuevo Mirandilla,Cádiz CF,Rayo Vallecano,0 - 0
68,7,27/09/2023 19:30,Camp de Mestalla,Valencia CF,Real Sociedad,0 - 1
66,7,28/09/2023 17:00,Nuevo Los Cármenes,Granada CF,Real Betis,1 - 1
70,7,28/09/2023 17:00,Estadio ABANCA Balaídos,RC Celta,Deportivo Alavés,1 - 1
64,7,28/09/2023 19:30,Estadio El Sadar,CA Osasuna,Atlético de Madrid,0 - 2
73,8,29/09/2023 19:00,Estadi Olímpic Lluís Companys,FC Barcelona,Sevilla FC,1 - 0
75,8,30/09/2023 12:00,Coliseum,Getafe CF,Villarreal CF,0 - 0
80,8,30/09/2023 14:15,Estadio de Vallecas,Rayo Vallecano,RCD Mallorca,2 - 2
76,8,30/09/2023 16:30,Estadio Municipal de Montilivi,Girona FC,Real Madrid,0 - 3
78,8,30/09/2023 19:00,Reale Arena,Real Sociedad,Athletic Club,3 - 0
71,8,01/10/2023 12:00,Power Horse Stadium,UD Almería,Granada CF,3 - 3
77,8,01/10/2023 14:15,Mendizorroza,Deportivo Alavés,CA Osasuna,0 - 2
72,8,01/10/2023 19:00,Civitas Metropolitano,Atlético de Madrid,Cádiz CF,3 - 2
74,8,01/10/2023 19:00,Estadio Benito Villamarín,Real Betis,Valencia CF,3 - 0
79,8,02/10/2023 19:00,Estadio Gran Canaria,UD Las Palmas,RC Celta,2 - 1
86,9,06/10/2023 19:00,Estadio San Mamés,Athletic Club,UD Almería,3 - 0
82,9,07/10/2023 12:00,Estadio Nuevo Mirandilla,Cádiz CF,Girona FC,0 - 1
88,9,07/10/2023 14:15,Estadio Santiago Bernabéu,Real Madrid,CA Osasuna,4 - 0
84,9,07/10/2023 16:30,Estadi Mallorca Son Moix,RCD Mallorca,Valencia CF,1 - 1
89,9,07/10/2023 19:00,Ramón Sánchez-Pizjuán,Sevilla FC,Rayo Vallecano,2 - 2
90,9,08/10/2023 12:00,Estadio de la Cerámica,Villarreal CF,UD Las Palmas,1 - 2
81,9,08/10/2023 14:15,Civitas Metropolitano,Atlético de Madrid,Real Sociedad,2 - 1
83,9,08/10/2023 16:30,Estadio ABANCA Balaídos,RC Celta,Getafe CF,2 - 2
85,9,08/10/2023 16:30,Mendizorroza,Deportivo Alavés,Real Betis,1 - 1
87,9,08/10/2023 19:00,Nuevo Los Cármenes,Granada CF,FC Barcelona,2 - 2
99,10,20/10/2023 19:00,Estadio El Sadar,CA Osasuna,Granada CF,2 - 0
97,10,21/10/2023 12:00,Reale Arena,Real Sociedad,RCD Mallorca,1 - 0
95,10,21/10/2023 14:15,Coliseum,Getafe CF,Real Betis,1 - 1
98,10,21/10/2023 16:30,Ramón Sánchez-Pizjuán,Sevilla FC,Real Madrid,1 - 1
94,10,21/10/2023 19:00,Estadio ABANCA Balaídos,RC Celta,Atlético de Madrid,0 - 3
91,10,22/10/2023 12:00,Estadio Gran Canaria,UD Las Palmas,Rayo Vallecano,0 - 1
92,10,22/10/2023 14:15,Estadio Municipal de Montilivi,Girona FC,UD Almería,5 - 2
100,10,22/10/2023 16:30,Estadio de la Cerámica,Villarreal CF,Deportivo Alavés,1 - 1
93,10,22/10/2023 19:00,Estadi Olímpic Lluís Companys,FC Barcelona,Athletic Club,1 - 0
96,10,23/10/2023 19:00,Camp de Mestalla,Valencia CF,Cádiz CF,2 - 0
108,11,27/10/2023 19:00,Estadio Municipal de Montilivi,Girona FC,RC Celta,1 - 0
101,11,28/10/2023 12:00,Power Horse Stadium,UD Almería,UD Las Palmas,1 - 2
103,11,28/10/2023 14:15,Estadi Olímpic Lluís Companys,FC Barcelona,Real Madrid,1 - 2
109,11,28/10/2023 16:30,Estadi Mallorca Son Moix,RCD Mallorca,Getafe CF,0 - 0
105,11,28/10/2023 19:00,Estadio Nuevo Mirandilla,Cádiz CF,Sevilla FC,2 - 2
104,11,29/10/2023 13:00,Estadio Benito Villamarín,Real Betis,CA Osasuna,2 - 1
106,11,29/10/2023 15:15,Estadio de Vallecas,Rayo Vallecano,Real Sociedad,2 - 2
102,11,29/10/2023 17:30,Estadio San Mamés,Athletic Club,Valencia CF,2 - 2
110,11,29/10/2023 20:00,Civitas Metropolitano,Atlético de Madrid,Deportivo Alavés,2 - 1
107,11,30/10/2023 20:00,Nuevo Los Cármenes,Granada CF,Villarreal CF,2 - 3
115,12,03/11/2023 20:00,Estadio Gran Canaria,UD Las Palmas,Atlético de Madrid,2 - 1
118,12,04/11/2023 13:00,Estadio El Sadar,CA Osasuna,Girona FC,2 - 4
111,12,04/11/2023 15:15,Estadio Benito Villamarín,Real Betis,RCD Mallorca,2 - 0
112,12,04/11/2023 17:30,Estadio ABANCA Balaídos,RC Celta,Sevilla FC,1 - 1
116,12,04/11/2023 20:00,Reale Arena,Real Sociedad,FC Barcelona,0 - 1
113,12,05/11/2023 13:00,Mendizorroza,Deportivo Alavés,UD Almería,1 - 0
120,12,05/11/2023 15:15,Camp de Mestalla,Valencia CF,Granada CF,1 - 0
114,12,05/11/2023 17:30,Estadio de la Cerámica,Villarreal CF,Athletic Club,2 - 3
119,12,05/11/2023 20:00,Estadio Santiago Bernabéu,Real Madrid,Rayo Vallecano,0 - 0
117,12,06/11/2023 20:00,Coliseum,Getafe CF,Cádiz CF,1 - 0
122,13,10/11/2023 20:00,Estadio San Mamés,Athletic Club,RC Celta,4 - 3
128,13,11/11/2023 13:00,Estadio de Vallecas,Rayo Vallecano,Girona FC,1 - 2
121,13,11/11/2023 15:15,Power Horse Stadium,UD Almería,Real Sociedad,1 - 3
127,13,11/11/2023 17:30,Nuevo Los Cármenes,Granada CF,Getafe CF,1 - 1
129,13,11/11/2023 17:30,Estadio El Sadar,CA Osasuna,UD Las Palmas,1 - 1
124,13,11/11/2023 20:00,Estadio Santiago Bernabéu,Real Madrid,Valencia CF,5 - 1
130,13,12/11/2023 15:15,Estadi Olímpic Lluís Companys,FC Barcelona,Deportivo Alavés,2 - 1
125,13,12/11/2023 17:30,Ramón Sánchez-Pizjuán,Sevilla FC,Real Betis,1 - 1
123,13,12/11/2023 20:00,Civitas Metropolitano,Atlético de Madrid,Villarreal CF,3 - 1
126,13,29/11/2023 20:00,Estadi Mallorca Son Moix,RCD Mallorca,Cádiz CF,1 - 1
135,14,24/11/2023 20:00,Mendizorroza,Deportivo Alavés,Granada CF,3 - 1
138,14,25/11/2023 13:00,Estadio de Vallecas,Rayo Vallecano,FC Barcelona,1 - 1
139,14,25/11/2023 15:15,Camp de Mestalla,Valencia CF,RC Celta,0 - 0
136,14,25/11/2023 17:30,Coliseum,Getafe CF,UD Almería,2 - 1
131,14,25/11/2023 20:00,Civitas Metropolitano,Atlético de Madrid,RCD Mallorca,1 - 0
140,14,26/11/2023 13:00,Estadio de la Cerámica,Villarreal CF,CA Osasuna,3 - 1
134,14,26/11/2023 15:15,Reale Arena,Real Sociedad,Sevilla FC,2 - 1
133,14,26/11/2023 17:30,Estadio Nuevo Mirandilla,Cádiz CF,Real Madrid,0 - 3
132,14,26/11/2023 20:00,Estadio Benito Villamarín,Real Betis,UD Las Palmas,1 - 0
137,14,27/11/2023 20:00,Estadio Municipal de Montilivi,Girona FC,Athletic Club,1 - 1
148,15,01/12/2023 20:00,Estadio Gran Canaria,UD Las Palmas,Getafe CF,2 - 0
143,15,02/12/2023 13:00,Estadio Municipal de Montilivi,Girona FC,Valencia CF,2 - 1
142,15,02/12/2023 15:15,Estadio San Mamés,Athletic Club,Rayo Vallecano,4 - 0
149,15,02/12/2023 17:30,Estadio Santiago Bernabéu,Real Madrid,Granada CF,2 - 0
144,15,02/12/2023 20:00,Estadio El Sadar,CA Osasuna,Real Sociedad,1 - 1
150,15,03/12/2023 13:00,Estadi Mallorca Son Moix,RCD Mallorca,Deportivo Alavés,0 - 0
141,15,03/12/2023 15:15,Power Horse Stadium,UD Almería,Real Betis,0 - 0
145,15,03/12/2023 17:30,Ramón Sánchez-Pizjuán,Sevilla FC,Villarreal CF,1 - 1
146,15,03/12/2023 20:00,Estadi Olímpic Lluís Companys,FC Barcelona,Atlético de Madrid,1 - 0
147,15,04/12/2023 20:00,Estadio ABANCA Balaídos,RC Celta,Cádiz CF,1 - 1
154,16,08/12/2023 20:00,Coliseum,Getafe CF,Valencia CF,1 - 0
156,16,09/12/2023 13:00,Mendizorroza,Deportivo Alavés,UD Las Palmas,0 - 1
152,16,09/12/2023 15:15,Estadio Benito Villamarín,Real Betis,Real Madrid,1 - 1
160,16,09/12/2023 17:30,Estadio de la Cerámica,Villarreal CF,Real Sociedad,0 - 3
155,16,09/12/2023 20:00,Estadi Mallorca Son Moix,RCD Mallorca,Sevilla FC,1 - 0
157,16,10/12/2023 13:00,Civitas Metropolitano,Atlético de Madrid,UD Almería,2 - 1
153,16,10/12/2023 17:30,Estadio Nuevo Mirandilla,Cádiz CF,CA Osasuna,1 - 1
151,16,10/12/2023 20:00,Estadi Olímpic Lluís Companys,FC Barcelona,Girona FC,2 - 4
158,16,11/12/2023 20:00,Nuevo Los Cármenes,Granada CF,Athletic Club,1 - 1
159,16,11/12/2023 20:00,Estadio de Vallecas,Rayo Vallecano,RC Celta,0 - 0
164,17,15/12/2023 20:00,Estadio El Sadar,CA Osasuna,Rayo Vallecano,1 - 0
163,17,16/12/2023 13:00,Estadio ABANCA Balaídos,RC Celta,Granada CF,1 - 0
162,17,16/12/2023 15:15,Estadio San Mamés,Athletic Club,Atlético de Madrid,2 - 0
169,17,16/12/2023 17:30,Ramón Sánchez-Pizjuán,Sevilla FC,Getafe CF,0 - 3
166,17,16/12/2023 20:00,Camp de Mestalla,Valencia CF,FC Barcelona,1 - 1
161,17,17/12/2023 13:00,Power Horse Stadium,UD Almería,RCD Mallorca,0 - 0
167,17,17/12/2023 15:15,Reale Arena,Real Sociedad,Real Betis,0 - 0
168,17,17/12/2023 17:30,Estadio Gran Canaria,UD Las Palmas,Cádiz CF,1 - 1
165,17,17/12/2023 20:00,Estadio Santiago Bernabéu,Real Madrid,Villarreal CF,4 - 1
170,17,18/12/2023 20:00,Estadio Municipal de Montilivi,Girona FC,Deportivo Alavés,3 - 0
176,18,19/12/2023 18:00,Estadio de Vallecas,Rayo Vallecano,Valencia CF,0 - 1
172,18,19/12/2023 20:30,Civitas Metropolitano,Atlético de Madrid,Getafe CF,3 - 3
177,18,19/12/2023 20:30,Nuevo Los Cármenes,Granada CF,Sevilla FC,0 - 3
179,18,20/12/2023 18:00,Estadi Olímpic Lluís Companys,FC Barcelona,UD Almería,3 - 2
171,18,20/12/2023 20:30,Estadio San Mamés,Athletic Club,UD Las Palmas,1 - 0
180,18,20/12/2023 20:30,Estadio de la Cerámica,Villarreal CF,RC Celta,3 - 2
173,18,21/12/2023 18:00,Estadio Benito Villamarín,Real Betis,Girona FC,1 - 1
174,18,21/12/2023 18:00,Estadio Nuevo Mirandilla,Cádiz CF,Real Sociedad,0 - 0
175,18,21/12/2023 20:30,Estadi Mallorca Son Moix,RCD Mallorca,CA Osasuna,3 - 2
178,18,21/12/2023 20:30,Mendizorroza,Deportivo Alavés,Real Madrid,0 - 1
181,19,02/01/2024 16:00,Civitas Metropolitano,Getafe CF,Rayo Vallecano,0 - 2
190,19,02/01/2024 18:15,Reale Arena,Real Sociedad,Deportivo Alavés,1 - 1
182,19,02/01/2024 20:30,Camp de Mestalla,Valencia CF,Villarreal CF,3 - 1
188,19,03/01/2024 16:00,Nuevo Los Cármenes,Granada CF,Cádiz CF,2 - 0
187,19,03/01/2024 18:15,Estadio ABANCA Balaídos,RC Celta,Real Betis,2 - 1
189,19,03/01/2024 18:15,Estadio Santiago Bernabéu,Real Madrid,RCD Mallorca,1 - 0
185,19,03/01/2024 20:30,Estadio Municipal de Montilivi,Girona FC,Atlético de Madrid,4 - 3
183,19,04/01/2024 16:00,Estadio El Sadar,CA Osasuna,UD Almería,1 - 0
184,19,04/01/2024 18:15,Ramón Sánchez-Pizjuán,Sevilla FC,Athletic Club,0 - 2
186,19,04/01/2024 20:30,Estadio Gran Canaria,UD Las Palmas,FC Barcelona,1 - 2
200,20,12/01/2024 20:00,Ramón Sánchez-Pizjuán,Sevilla FC,Deportivo Alavés,2 - 3
198,20,13/01/2024 13:00,Estadio Gran Canaria,UD Las Palmas,Villarreal CF,3 - 0
199,20,13/01/2024 15:15,Estadi Mallorca Son Moix,RCD Mallorca,RC Celta,1 - 1
192,20,13/01/2024 17:30,Estadio San Mamés,Athletic Club,Real Sociedad,2 - 1
195,20,13/01/2024 20:00,Estadio Benito Villamarín,Real Betis,Granada CF,1 - 0
191,20,14/01/2024 13:00,Power Horse Stadium,UD Almería,Girona FC,0 - 0
196,20,14/01/2024 15:15,Estadio Nuevo Mirandilla,Cádiz CF,Valencia CF,1 - 4
194,20,31/01/2024 18:00,Estadi Olímpic Lluís Companys,FC Barcelona,CA Osasuna,1 - 0
193,20,31/01/2024 20:00,Civitas Metropolitano,Atlético de Madrid,Rayo Vallecano,2 - 1
197,20,01/02/2024 20:00,Coliseum,Getafe CF,Real Madrid,0 - 2
203,21,19/01/2024 20:00,Mendizorroza,Deportivo Alavés,Cádiz CF,1 - 0
210,21,20/01/2024 13:00,Estadio de Vallecas,Rayo Vallecano,UD Las Palmas,0 - 2
209,21,20/01/2024 15:15,Estadio de la Cerámica,Villarreal CF,RCD Mallorca,1 - 1
205,21,20/01/2024 17:30,Camp de Mestalla,Valencia CF,Athletic Club,1 - 0
201,21,20/01/2024 20:00,Estadio ABANCA Balaídos,RC Celta,Real Sociedad,0 - 1
208,21,21/01/2024 13:00,Estadio El Sadar,CA Osasuna,Getafe CF,3 - 2
204,21,21/01/2024 15:15,Estadio Santiago Bernabéu,Real Madrid,UD Almería,3 - 2
207,21,21/01/2024 17:30,Estadio Benito Villamarín,Real Betis,FC Barcelona,2 - 4
202,21,21/01/2024 20:00,Estadio Municipal de Montilivi,Girona FC,Sevilla FC,5 - 1
206,21,22/01/2024 20:00,Nuevo Los Cármenes,Granada CF,Atlético de Madrid,0 - 1
220,22,26/01/2024 20:00,Power Horse Stadium,UD Almería,Deportivo Alavés,0 - 3
219,22,27/01/2024 13:00,Reale Arena,Real Sociedad,Rayo Vallecano,0 - 0
215,22,27/01/2024 15:15,Estadio Gran Canaria,UD Las Palmas,Real Madrid,1 - 2
212,22,27/01/2024 17:30,Estadi Olímpic Lluís Companys,FC Barcelona,Villarreal CF,3 - 5
217,22,27/01/2024 20:00,Estadi Mallorca Son Moix,RCD Mallorca,Real Betis,0 - 1
213,22,28/01/2024 13:00,Estadio ABANCA Balaídos,RC Celta,Girona FC,0 - 1
216,22,28/01/2024 15:15,Estadio Nuevo Mirandilla,Cádiz CF,Athletic Club,0 - 0
218,22,28/01/2024 17:30,Ramón Sánchez-Pizjuán,Sevilla FC,CA Osasuna,1 - 1
211,22,28/01/2024 20:00,Civitas Metropolitano,Atlético de Madrid,Valencia CF,2 - 0
214,22,29/01/2024 20:00,Coliseum,Getafe CF,Granada CF,2 - 0
221,23,02/02/2024 20:00,Estadio San Mamés,Athletic Club,RCD Mallorca,4 - 0
227,23,03/02/2024 13:00,Camp de Mestalla,Valencia CF,UD Almería,2 - 1
225,23,03/02/2024 15:15,Nuevo Los Cármenes,Granada CF,UD Las Palmas,1 - 1
226,23,03/02/2024 17:30,Mendizorroza,Deportivo Alavés,FC Barcelona,1 - 3
223,23,03/02/2024 20:00,Estadio Municipal de Montilivi,Girona FC,Real Sociedad,0 - 0
229,23,04/02/2024 13:00,Estadio de la Cerámica,Villarreal CF,Cádiz CF,0 - 0
230,23,04/02/2024 15:15,Estadio El Sadar,CA Osasuna,RC Celta,0 - 3
222,23,04/02/2024 17:30,Estadio Benito Villamarín,Real Betis,Getafe CF,1 - 1
228,23,04/02/2024 20:00,Estadio Santiago Bernabéu,Real Madrid,Atlético de Madrid,1 - 1
224,23,05/02/2024 20:00,Estadio de Vallecas,Rayo Vallecano,Sevilla FC,1 - 2
237,24,09/02/2024 20:00,Estadio Nuevo Mirandilla,Cádiz CF,Real Betis,0 - 2
235,24,10/02/2024 13:00,Mendizorroza,Deportivo Alavés,Villarreal CF,1 - 1
240,24,10/02/2024 15:15,Reale Arena,Real Sociedad,CA Osasuna,0 - 1
239,24,10/02/2024 17:30,Estadio Santiago Bernabéu,Real Madrid,Girona FC,4 - 0
234,24,10/02/2024 20:00,Estadio Gran Canaria,UD Las Palmas,Valencia CF,2 - 0
238,24,11/02/2024 13:00,Coliseum,Getafe CF,RC Celta,3 - 2
233,24,11/02/2024 15:15,Estadi Mallorca Son Moix,RCD Mallorca,Rayo Vallecano,2 - 1
236,24,11/02/2024 17:30,Ramón Sánchez-Pizjuán,Sevilla FC,Atlético de Madrid,1 - 0
232,24,11/02/2024 20:00,Estadi Olímpic Lluís Companys,FC Barcelona,Granada CF,3 - 3
231,24,12/02/2024 20:00,Power Horse Stadium,UD Almería,Athletic Club,0 - 0
248,25,16/02/2024 20:00,Estadio de la Cerámica,Villarreal CF,Getafe CF,1 - 1
242,25,17/02/2024 13:00,Civitas Metropolitano,Atlético de Madrid,UD Las Palmas,5 - 0
247,25,17/02/2024 15:15,Estadio El Sadar,CA Osasuna,Cádiz CF,2 - 0
246,25,17/02/2024 17:30,Estadio ABANCA Balaídos,RC Celta,FC Barcelona,1 - 2
249,25,17/02/2024 20:00,Camp de Mestalla,Valencia CF,Sevilla FC,0 - 0
244,25,18/02/2024 13:00,Estadio de Vallecas,Rayo Vallecano,Real Madrid,1 - 1
245,25,18/02/2024 15:15,Nuevo Los Cármenes,Granada CF,UD Almería,1 - 1
243,25,18/02/2024 17:30,Estadi Mallorca Son Moix,RCD Mallorca,Real Sociedad,1 - 2
250,25,18/02/2024 20:00,Estadio Benito Villamarín,Real Betis,Deportivo Alavés,0 - 0
241,25,19/02/2024 20:00,Estadio San Mamés,Athletic Club,Girona FC,3 - 2
256,26,23/02/2024 20:00,Reale Arena,Real Sociedad,Villarreal CF,1 - 3
252,26,24/02/2024 15:15,Estadi Olímpic Lluís Companys,FC Barcelona,Getafe CF,4 - 0
259,26,24/02/2024 17:30,Mendizorroza,Deportivo Alavés,RCD Mallorca,1 - 1
251,26,24/02/2024 20:00,Power Horse Stadium,UD Almería,Atlético de Madrid,2 - 2
253,26,25/02/2024 13:00,Estadio Nuevo Mirandilla,Cádiz CF,RC Celta,2 - 2
260,26,25/02/2024 15:15,Estadio Benito Villamarín,Real Betis,Athletic Club,3 - 1
258,26,25/02/2024 17:30,Estadio Gran Canaria,UD Las Palmas,CA Osasuna,1 - 1
255,26,25/02/2024 20:00,Estadio Santiago Bernabéu,Real Madrid,Sevilla FC,1 - 0
254,26,26/02/2024 20:00,Estadio Municipal de Montilivi,Girona FC,Rayo Vallecano,3 - 0
257,26,04/04/2024 18:00,Nuevo Los Cármenes,Granada CF,Valencia CF,
264,27,01/03/2024 20:00,Estadio ABANCA Balaídos,RC Celta,UD Almería,1 - 0
268,27,02/03/2024 13:00,Ramón Sánchez-Pizjuán,Sevilla FC,Real Sociedad,3 - 2
265,27,02/03/2024 15:15,Estadio de Vallecas,Rayo Vallecano,Cádiz CF,1 - 1
263,27,02/03/2024 17:30,Coliseum,Getafe CF,UD Las Palmas,3 - 3
267,27,02/03/2024 20:00,Camp de Mestalla,Valencia CF,Real Madrid,2 - 2
269,27,03/03/2024 13:00,Estadio de la Cerámica,Villarreal CF,Granada CF,5 - 1
262,27,03/03/2024 15:15,Civitas Metropolitano,Atlético de Madrid,Real Betis,2 - 1
266,27,03/03/2024 17:30,Estadi Mallorca Son Moix,RCD Mallorca,Girona FC,1 - 0
261,27,03/03/2024 20:00,Estadio San Mamés,Athletic Club,FC Barcelona,0 - 0
270,27,04/03/2024 20:00,Estadio El Sadar,CA Osasuna,Deportivo Alavés,1 - 0
272,28,08/03/2024 20:00,Estadi Olímpic Lluís Companys,FC Barcelona,RCD Mallorca,1 - 0
280,28,09/03/2024 13:00,Camp de Mestalla,Valencia CF,Getafe CF,1 - 0
278,28,09/03/2024 15:15,Estadio Nuevo Mirandilla,Cádiz CF,Atlético de Madrid,2 - 0
275,28,09/03/2024 17:30,Nuevo Los Cármenes,Granada CF,Real Sociedad,2 - 3
274,28,09/03/2024 20:00,Estadio Municipal de Montilivi,Girona FC,CA Osasuna,2 - 0
276,28,10/03/2024 13:00,Mendizorroza,Deportivo Alavés,Rayo Vallecano,1 - 0
277,28,10/03/2024 15:15,Estadio Gran Canaria,UD Las Palmas,Athletic Club,0 - 2
279,28,10/03/2024 17:30,Estadio Santiago Bernabéu,Real Madrid,RC Celta,4 - 0
273,28,10/03/2024 20:00,Estadio Benito Villamarín,Real Betis,Villarreal CF,2 - 3
271,28,11/03/2024 20:00,Power Horse Stadium,UD Almería,Sevilla FC,
286,29,15/03/2024 20:00,Reale Arena,Real Sociedad,Cádiz CF,
289,29,16/03/2024 13:00,Estadi Mallorca Son Moix,RCD Mallorca,Granada CF,
283,29,16/03/2024 15:15,Estadio El Sadar,CA Osasuna,Real Madrid,
282,29,16/03/2024 17:30,Coliseum,Getafe CF,Girona FC,
290,29,16/03/2024 20:00,Estadio San Mamés,Athletic Club,Deportivo Alavés,
287,29,17/03/2024 13:00,Ramón Sánchez-Pizjuán,Sevilla FC,RC Celta,
284,29,17/03/2024 15:15,Estadio Gran Canaria,UD Las Palmas,UD Almería,
288,29,17/03/2024 15:15,Estadio de la Cerámica,Villarreal CF,Valencia CF,
285,29,17/03/2024 17:30,Estadio de Vallecas,Rayo Vallecano,Real Betis,
281,29,17/03/2024 20:00,Civitas Metropolitano,Atlético de Madrid,FC Barcelona,
293,30,29/03/2024 20:00,Estadio Nuevo Mirandilla,Cádiz CF,Granada CF,
295,30,30/03/2024 13:00,Coliseum,Getafe CF,Sevilla FC,
291,30,30/03/2024 15:15,Power Horse Stadium,UD Almería,CA Osasuna,
300,30,30/03/2024 17:30,Camp de Mestalla,Valencia CF,RCD Mallorca,
292,30,30/03/2024 20:00,Estadi Olímpic Lluís Companys,FC Barcelona,UD Las Palmas,
294,30,31/03/2024 12:00,Estadio ABANCA Balaídos,RC Celta,Rayo Vallecano,
299,30,31/03/2024 14:15,Estadio Municipal de Montilivi,Girona FC,Real Betis,
296,30,31/03/2024 16:30,Mendizorroza,Deportivo Alavés,Real Sociedad,
297,30,31/03/2024 19:00,Estadio Santiago Bernabéu,Real Madrid,Athletic Club,
298,30,01/04/2024 19:00,Estadio de la Cerámica,Villarreal CF,Atlético de Madrid,
301,31,14/04/2024 00:00,Estadio San Mamés,Athletic Club,Villarreal CF,
302,31,14/04/2024 00:00,Civitas Metropolitano,Atlético de Madrid,Girona FC,
303,31,14/04/2024 00:00,Estadio Benito Villamarín,Real Betis,RC Celta,
304,31,14/04/2024 00:00,Estadi Mallorca Son Moix,RCD Mallorca,Real Madrid,
305,31,14/04/2024 00:00,Estadio El Sadar,CA Osasuna,Valencia CF,
306,31,14/04/2024 00:00,Estadio Gran Canaria,UD Las Palmas,Sevilla FC,
307,31,14/04/2024 00:00,Reale Arena,Real Sociedad,UD Almería,
308,31,14/04/2024 00:00,Estadio Nuevo Mirandilla,Cádiz CF,FC Barcelona,
309,31,14/04/2024 00:00,Estadio de Vallecas,Rayo Vallecano,Getafe CF,
310,31,14/04/2024 00:00,Nuevo Los Cármenes,Granada CF,Deportivo Alavés,
311,32,21/04/2024 00:00,Power Horse Stadium,UD Almería,Villarreal CF,
312,32,21/04/2024 00:00,Estadio San Mamés,Athletic Club,Granada CF,
313,32,21/04/2024 00:00,Estadio ABANCA Balaídos,RC Celta,UD Las Palmas,
314,32,21/04/2024 00:00,Coliseum,Getafe CF,Real Sociedad,
315,32,21/04/2024 00:00,Mendizorroza,Deportivo Alavés,Atlético de Madrid,
317,32,21/04/2024 00:00,Camp de Mestalla,Valencia CF,Real Betis,
318,32,21/04/2024 00:00,Estadio Municipal de Montilivi,Girona FC,Cádiz CF,
319,32,21/04/2024 00:00,Ramón Sánchez-Pizjuán,Sevilla FC,RCD Mallorca,
320,32,21/04/2024 00:00,Estadio de Vallecas,Rayo Vallecano,CA Osasuna,
316,32,21/04/2024 19:00,Estadio Santiago Bernabéu,Real Madrid,FC Barcelona,
321,33,28/04/2024 00:00,Power Horse Stadium,UD Almería,Getafe CF,
322,33,28/04/2024 00:00,Estadi Olímpic Lluís Companys,FC Barcelona,Valencia CF,
323,33,28/04/2024 00:00,Estadio Benito Villamarín,Real Betis,Sevilla FC,
324,33,28/04/2024 00:00,Estadio Nuevo Mirandilla,Cádiz CF,RCD Mallorca,
325,33,28/04/2024 00:00,Nuevo Los Cármenes,Granada CF,CA Osasuna,
326,33,28/04/2024 00:00,Mendizorroza,Deportivo Alavés,RC Celta,
327,33,28/04/2024 00:00,Civitas Metropolitano,Atlético de Madrid,Athletic Club,
328,33,28/04/2024 00:00,Estadio Gran Canaria,UD Las Palmas,Girona FC,
329,33,28/04/2024 00:00,Estadio de la Cerámica,Villarreal CF,Rayo Vallecano,
330,33,28/04/2024 00:00,Reale Arena,Real Sociedad,Real Madrid,
331,34,05/05/2024 00:00,Estadio ABANCA Balaídos,RC Celta,Villarreal CF,
332,34,05/05/2024 00:00,Estadio de Vallecas,Rayo Vallecano,UD Almería,
333,34,05/05/2024 00:00,Coliseum,Getafe CF,Athletic Club,
334,34,05/05/2024 00:00,Estadi Mallorca Son Moix,RCD Mallorca,Atlético de Madrid,
335,34,05/05/2024 00:00,Estadio Municipal de Montilivi,Girona FC,FC Barcelona,
336,34,05/05/2024 00:00,Estadio El Sadar,CA Osasuna,Real Betis,
337,34,05/05/2024 00:00,Estadio Santiago Bernabéu,Real Madrid,Cádiz CF,
338,34,05/05/2024 00:00,Ramón Sánchez-Pizjuán,Sevilla FC,Granada CF,
339,34,05/05/2024 00:00,Reale Arena,Real Sociedad,UD Las Palmas,
340,34,05/05/2024 00:00,Camp de Mestalla,Valencia CF,Deportivo Alavés,
341,35,12/05/2024 00:00,Estadio San Mamés,Athletic Club,CA Osasuna,
342,35,12/05/2024 00:00,Civitas Metropolitano,Atlético de Madrid,RC Celta,
343,35,12/05/2024 00:00,Estadi Olímpic Lluís Companys,FC Barcelona,Real Sociedad,
344,35,12/05/2024 00:00,Estadio Nuevo Mirandilla,Cádiz CF,Getafe CF,
345,35,12/05/2024 00:00,Nuevo Los Cármenes,Granada CF,Real Madrid,
346,35,12/05/2024 00:00,Mendizorroza,Deportivo Alavés,Girona FC,
347,35,12/05/2024 00:00,Estadio Benito Villamarín,Real Betis,UD Almería,
348,35,12/05/2024 00:00,Camp de Mestalla,Valencia CF,Rayo Vallecano,
349,35,12/05/2024 00:00,Estadio de la Cerámica,Villarreal CF,Sevilla FC,
350,35,12/05/2024 00:00,Estadi Mallorca Son Moix,RCD Mallorca,UD Las Palmas,
351,36,15/05/2024 00:00,Power Horse Stadium,UD Almería,FC Barcelona,
352,36,15/05/2024 00:00,Estadio Municipal de Montilivi,Girona FC,Villarreal CF,
353,36,15/05/2024 00:00,Reale Arena,Real Sociedad,Valencia CF,
354,36,15/05/2024 00:00,Estadio ABANCA Balaídos,RC Celta,Athletic Club,
355,36,15/05/2024 00:00,Coliseum,Getafe CF,Atlético de Madrid,
356,36,15/05/2024 00:00,Estadio Gran Canaria,UD Las Palmas,Real Betis,
357,36,15/05/2024 00:00,Ramón Sánchez-Pizjuán,Sevilla FC,Cádiz CF,
358,36,15/05/2024 00:00,Estadio El Sadar,CA Osasuna,RCD Mallorca,
359,36,15/05/2024 00:00,Estadio de Vallecas,Rayo Vallecano,Granada CF,
360,36,15/05/2024 00:00,Estadio Santiago Bernabéu,Real Madrid,Deportivo Alavés,
361,37,19/05/2024 00:00,Estadio San Mamés,Athletic Club,Sevilla FC,
362,37,19/05/2024 00:00,Civitas Metropolitano,Atlético de Madrid,CA Osasuna,
363,37,19/05/2024 00:00,Estadi Olímpic Lluís Companys,FC Barcelona,Rayo Vallecano,
364,37,19/05/2024 00:00,Estadio Benito Villamarín,Real Betis,Real Sociedad,
365,37,19/05/2024 00:00,Estadio Nuevo Mirandilla,Cádiz CF,UD Las Palmas,
366,37,19/05/2024 00:00,Mendizorroza,Deportivo Alavés,Getafe CF,
367,37,19/05/2024 00:00,Estadi Mallorca Son Moix,RCD Mallorca,UD Almería,
368,37,19/05/2024 00:00,Nuevo Los Cármenes,Granada CF,RC Celta,
369,37,19/05/2024 00:00,Camp de Mestalla,Valencia CF,Girona FC,
370,37,19/05/2024 00:00,Estadio de la Cerámica,Villarreal CF,Real Madrid,
371,38,26/05/2024 00:00,Power Horse Stadium,UD Almería,Cádiz CF,
372,38,26/05/2024 00:00,Estadio ABANCA Balaídos,RC Celta,Valencia CF,
373,38,26/05/2024 00:00,Coliseum,Getafe CF,RCD Mallorca,
374,38,26/05/2024 00:00,Estadio Municipal de Montilivi,Girona FC,Granada CF,
375,38,26/05/2024 00:00,Estadio El Sadar,CA Osasuna,Villarreal CF,
376,38,26/05/2024 00:00,Estadio de Vallecas,Rayo Vallecano,Athletic Club,
377,38,26/05/2024 00:00,Reale Arena,Real Sociedad,Atlético de Madrid,
378,38,26/05/2024 00:00,Ramón Sánchez-Pizjuán,Sevilla FC,FC Barcelona,
379,38,26/05/2024 00:00,Estadio Santiago Bernabéu,Real Madrid,Real Betis,
380,38,26/05/2024 00:00,Estadio Gran Canaria,UD Las Palmas,Deportivo Alavés,
